objectid,filename,title,creator,date,description,subject,location,latitude,longitude,source,format,language,rights,coverage,publisher,carrier,production,relation,technical_notes,display_template,object_location,image_small,image_thumb,image_alt_text,object_transcript
zine0001,0003-asco-2-1999.pdf,Asco 2,Romina 77-Cinley,1999,,,,,,Colección privada de Santiago Cichero,application/pdf,español;SPA,Dominio público,Argentina,"Consejo Nacional de Investigaciones Científicas y Técnicas (CONICET), Instituto de Investigaciones Bibliográficas y Crítica Textual (IIBICRIT), Laboratorio de Humanidades Digitales (HD LAB)",,,,,,https://archive.org/details/0003-asco-2-1999,/objects/small/0003-asco-2-1999_sm.jpg,/objects/thumbs/0003-asco-2-1999_th.jpg,portada-asco-2-1999,
zine0002,0004_Actitud_Zine_1.pdf,Actitud Zine 1,NA,1998,"Fanzine con entrevistas a bandas musicales, reproducciones de textos, notas sobre maltrato animal, cómics e ilustraciones",Anarquismo;Antifascismo;Autogestión;Protección animal;Ecologismo;Vegetarianismo,"Córdoba, Argentina",-31.4168,-64.1837,Colección privada de Santiago Cichero,application/pdf,español;SPA,Dominio público,Argentina,"Consejo Nacional de Investigaciones Científicas y Técnicas (CONICET), Instituto de Investigaciones Bibliográficas y Crítica Textual (IIBICRIT), Laboratorio de Humanidades Digitales (HD LAB)",folio papel,producción mixta;xerox,,,,https://archive.org/details/0004_actitud_zine_1,/objects/small/0004_actitud_zine_1_sm.jpg,/objects/thumbs/0004_actitud_zine_1_th.jpg,portada-actitud-zine-1,
zine0003,0005-bash-the-fash-1-1999.pdf,Bash the fash 1,,1999,,,,,,Colección privada de Santiago Cichero,application/pdf,español;SPA,Dominio público,Argentina,"Consejo Nacional de Investigaciones Científicas y Técnicas (CONICET), Instituto de Investigaciones Bibliográficas y Crítica Textual (IIBICRIT), Laboratorio de Humanidades Digitales (HD LAB)",,,,,,https://archive.org/details/0005-bash-the-fash-1-1999,/objects/small/0005-bash-the-fash-1-1999_sm.jpg,/objects/thumbs/0005-bash-the-fash-1-1999_th.jpg,portada-bash-the-fash-1-1999,
zine0004,0006-bastantes-trastornados-zine-3-1996.pdf,Bastantes trastornados zine 3,,1996,,,,,,Colección privada de Santiago Cichero,application/pdf,español;SPA,Dominio público,Argentina,"Consejo Nacional de Investigaciones Científicas y Técnicas (CONICET), Instituto de Investigaciones Bibliográficas y Crítica Textual (IIBICRIT), Laboratorio de Humanidades Digitales (HD LAB)",,,,,,https://archive.org/details/0006-bastantes-trastornados-zine-3-1996,/objects/small/0006-bastantes-trastornados-zine-3-1996_sm.jpg,/objects/thumbs/0006-bastantes-trastornados-zine-3-1996_th.jpg,portada-bastantes-trastornados-zine-3-1996,
zine0005,0007-bolsa-de-mugre-1-1997.pdf,Bolsa de mugre 1,,1997,,,,,,Colección privada de Santiago Cichero,application/pdf,español;SPA,Dominio público,Argentina,"Consejo Nacional de Investigaciones Científicas y Técnicas (CONICET), Instituto de Investigaciones Bibliográficas y Crítica Textual (IIBICRIT), Laboratorio de Humanidades Digitales (HD LAB)",,,,,,https://archive.org/details/0007-bolsa-de-mugre-1-1997,/objects/small/0007-bolsa-de-mugre-1-1997_sm.jpg,/objects/thumbs/0007-bolsa-de-mugre-1-1997_th.jpg,portada-bolsa-de-mugre-1-1997,
zine0006,0008_Bs_As_Desorden_9_1997.pdf,Bs As Desorden 9,Gerardo Formoso,1997,,,,,,Colección privada de Santiago Cichero,application/pdf,español;SPA,Dominio público,Argentina,"Consejo Nacional de Investigaciones Científicas y Técnicas (CONICET), Instituto de Investigaciones Bibliográficas y Crítica Textual (IIBICRIT), Laboratorio de Humanidades Digitales (HD LAB)",,,,,,https://archive.org/details/0008_bs_as_desorden_9_1997,/objects/small/0008_bs_as_desorden_9_1997_sm.jpg,/objects/thumbs/0008_bs_as_desorden_9_1997_th.jpg,portada-bs-as-desorden-9-1997,
zine0007,0009_Bs_As_Desorden_10_1997.pdf,Bs As Desorden 10,Gerardo Formoso,1997,Fanzine sobre contracultura y música,Anarquismo;Hardcore;Protesta;Punk,"Buenos Aires, Argentina",-34.603889,-58.381389,Colección privada de Santiago Cichero,application/pdf,español;SPA,Dominio público,Argentina,"Consejo Nacional de Investigaciones Científicas y Técnicas (CONICET), Instituto de Investigaciones Bibliográficas y Crítica Textual (IIBICRIT), Laboratorio de Humanidades Digitales (HD LAB)",folio papel,producción mixta;xerox,,,,https://archive.org/details/0009_bs_as_desorden_10_1997,/objects/small/0009_bs_as_desorden_10_1997_sm.jpg,/objects/thumbs/0009_bs_as_desorden_10_1997_th.jpg,portada-bs-as-desorden-10-1997,
zine0008,0009_Bs_As_Desorden_13_1999.pdf,Bs As Desorden 13,Eskorbuto,1999,Fanzine sobre contracultura y música,Anarquismo;Antifascismo;Hardcore;Movimiento okupa;Protesta;Punk,"Buenos Aires, Argentina",-34.603889,-58.381389,Colección privada de Santiago Cichero,application/pdf,español;SPA,Dominio público,Argentina,"Consejo Nacional de Investigaciones Científicas y Técnicas (CONICET), Instituto de Investigaciones Bibliográficas y Crítica Textual (IIBICRIT), Laboratorio de Humanidades Digitales (HD LAB)",folio papel,producción mixta;xerox,,,,https://archive.org/details/0009_bs_as_desorden_13_1999,/objects/small/0010_bs_as_desorden_13_1999_sm.jpg,/objects/thumbs/0010_bs_as_desorden_13_1999_th.jpg,portada-bs-as-desorden-13-1999,
zine0009,0013-buscando-maneras-2-3-1996.pdf,Buscando maneras 2 3,,1996,"Fanzine con noticias sobre recitales y material discográfico, reseñas de fanzines, música y recitales; entrevistas; columnas de opinión; columnas de lectores; temas sociales; ilustraciones y fotografías. Faltas de ortografía.",Hard Core; Straight Edge; Straight Edge Libertario; Punk Rock; Temas Sociales: Sida; Animales en Cautiverio; Defensa de los Animales; Vegetarianismo; Ecología; Derechos de los Niños y Mujeres; Aborto; Religión; Amnistía Internacional; Jubilados; Amor y Lucha; Respeto; Prejuicios; Competencia; Violencia; Ideas Libertarias; Política; Adicciones,"Buenos Aires, Argentina",-34.603889,-58.381389,Colección privada de Santiago Cichero,application/pdf,español;SPA,Dominio público,Argentina,"Consejo Nacional de Investigaciones Científicas y Técnicas (CONICET), Instituto de Investigaciones Bibliográficas y Crítica Textual (IIBICRIT), Laboratorio de Humanidades Digitales (HD LAB)",,,,,,https://archive.org/details/0013-buscando-maneras-2-3-1996,/objects/small/0013-buscando-maneras-2-3-1996_sm.jpg,/objects/thumbs/0013-buscando-maneras-2-3-1996_th.jpg,portada-buscando-maneras-2-3-1996,
zine0010,0014-cabeza-de-pescado-5-1999.pdf,Cabeza de pescado 5,,1999,,,,,,Colección privada de Santiago Cichero,application/pdf,español;SPA,Dominio público,Argentina,"Consejo Nacional de Investigaciones Científicas y Técnicas (CONICET), Instituto de Investigaciones Bibliográficas y Crítica Textual (IIBICRIT), Laboratorio de Humanidades Digitales (HD LAB)",,,,,,https://archive.org/details/0014-cabeza-de-pescado-5-1999,/objects/small/0014-cabeza-de-pescado-5-1999_sm.jpg,/objects/thumbs/0014-cabeza-de-pescado-5-1999_th.jpg,portada-cabeza-de-pescado-5-1999,
zine0011,0017-ciudad-suburbana-4-1999.pdf,Ciudad suburbana 4,,1999,,,,,,Colección privada de Santiago Cichero,application/pdf,español;SPA,Dominio público,Argentina,"Consejo Nacional de Investigaciones Científicas y Técnicas (CONICET), Instituto de Investigaciones Bibliográficas y Crítica Textual (IIBICRIT), Laboratorio de Humanidades Digitales (HD LAB)",,,,,,https://archive.org/details/0017-ciudad-suburbana-4-1999,/objects/small/0017-ciudad-suburbana-4-1999_sm.jpg,/objects/thumbs/0017-ciudad-suburbana-4-1999_th.jpg,portada-ciudad-suburbana-4-1999,
zine0012,0018-civil-3-1992.pdf,Civil 3,,1992,,,,,,Colección privada de Santiago Cichero,application/pdf,español;SPA,Dominio público,Argentina,"Consejo Nacional de Investigaciones Científicas y Técnicas (CONICET), Instituto de Investigaciones Bibliográficas y Crítica Textual (IIBICRIT), Laboratorio de Humanidades Digitales (HD LAB)",,,,,,https://archive.org/details/0018-civil-3-1992,/objects/small/0018-civil-3-1992_sm.jpg,/objects/thumbs/0018-civil-3-1992_th.jpg,portada-civil-3-1992,
zine0013,0018-civil-4-1992.pdf,Civil 4,,1992,,,,,,Colección privada de Santiago Cichero,application/pdf,español;SPA,Dominio público,Argentina,"Consejo Nacional de Investigaciones Científicas y Técnicas (CONICET), Instituto de Investigaciones Bibliográficas y Crítica Textual (IIBICRIT), Laboratorio de Humanidades Digitales (HD LAB)",,,,,,https://archive.org/details/0018-civil-4-1992,/objects/small/0018-civil-4-1992_sm.jpg,/objects/thumbs/0018-civil-4-1992_th.jpg,portada-civil-4-1992,
zine0014,0019_Civilizacion_violenta_1_1994.pdf,Civilizacion violenta 1,,1994,,,,,,Colección privada de Santiago Cichero,application/pdf,español;SPA,Dominio público,Argentina,"Consejo Nacional de Investigaciones Científicas y Técnicas (CONICET), Instituto de Investigaciones Bibliográficas y Crítica Textual (IIBICRIT), Laboratorio de Humanidades Digitales (HD LAB)",papel reciclado,,,,,https://archive.org/details/0019_civilizacion_violenta_1_1994,/objects/small/0019_civilizacion_violenta_1_1994_sm.jpg,/objects/thumbs/0019_civilizacion_violenta_1_1994_th.jpg,portada-civilizacion-violenta-1-1994,
zine0015,0023_Civilizacion_violenta_5_1997.pdf,Civilizacion violenta 5,Pichon,1997,"Fanzine con entrevistas a bandas musicales, reseñas de música y fanzines, efemérides, correo de lectores, manifiestos e ilustraciones",Hardcore;Protesta;Punk;Straight edge;Veganismo,"Buenos Aires, Argentina",-34.603889,-58.381389,Colección privada de Santiago Cichero,application/pdf,español;SPA,Dominio público,Argentina,"Consejo Nacional de Investigaciones Científicas y Técnicas (CONICET), Instituto de Investigaciones Bibliográficas y Crítica Textual (IIBICRIT), Laboratorio de Humanidades Digitales (HD LAB)",,producción mixta;xerox,Reseña sobre Buenos Aires Desorden 8,,,https://archive.org/details/0023_civilizacion_violenta_5_1997,/objects/small/0023_civilizacion_violenta_5_1997_sm.jpg,/objects/thumbs/0023_civilizacion_violenta_5_1997_th.jpg,portada-civilizacion-violenta-5-1997,
zine0016,0024-fraternidad-1-1996.pdf,Fraternidad 1,,1996,,,,,,Colección privada de Santiago Cichero,application/pdf,español;SPA,Dominio público,Argentina,"Consejo Nacional de Investigaciones Científicas y Técnicas (CONICET), Instituto de Investigaciones Bibliográficas y Crítica Textual (IIBICRIT), Laboratorio de Humanidades Digitales (HD LAB)",,,,,,https://archive.org/details/0024-fraternidad-1-1996,/objects/small/0024-fraternidad-1-1996_sm.jpg,/objects/thumbs/0024-fraternidad-1-1996_th.jpg,portada-fraternidad-1-1996,
zine0017,0025-cooperativa-straight-edge-libertaria-2-1996 .pdf,Cooperativa straight edge libertaria 2,,1996,,,,,,Colección privada de Santiago Cichero,application/pdf,español;SPA,Dominio público,Argentina,"Consejo Nacional de Investigaciones Científicas y Técnicas (CONICET), Instituto de Investigaciones Bibliográficas y Crítica Textual (IIBICRIT), Laboratorio de Humanidades Digitales (HD LAB)",,,,,,https://archive.org/details/0025-cooperativa-straight-edge-libertaria-2-1996 ,/objects/small/0025-cooperativa-straight-edge-libertaria-2-1996 _sm.jpg,/objects/thumbs/0025-cooperativa-straight-edge-libertaria-2-1996 _th.jpg,"portada-cooperativa-straight-edge-libertaria-2-1996,",
zine0018,0026-deformacion-cultural-1-1999.pdf,Deformacion cultural 1,,1999,,,,,,Colección privada de Santiago Cichero,application/pdf,español;SPA,Dominio público,Argentina,"Consejo Nacional de Investigaciones Científicas y Técnicas (CONICET), Instituto de Investigaciones Bibliográficas y Crítica Textual (IIBICRIT), Laboratorio de Humanidades Digitales (HD LAB)",,,,,,https://archive.org/details/0026-deformacion-cultural-1-1999,/objects/small/0026-deformacion-cultural-1-1999_sm.jpg,/objects/thumbs/0026-deformacion-cultural-1-1999_th.jpg,portada-deformacion-cultural-1-1999,
zine0019,0028_Desarme_1_1998.pdf,Desarme 1,,1998,,,,,,Colección privada de Santiago Cichero,application/pdf,español;SPA,Dominio público,Argentina,"Consejo Nacional de Investigaciones Científicas y Técnicas (CONICET), Instituto de Investigaciones Bibliográficas y Crítica Textual (IIBICRIT), Laboratorio de Humanidades Digitales (HD LAB)",,,,,,https://archive.org/details/0028_desarme_1_1998,/objects/small/0028_desarme_1_1998_sm.jpg,/objects/thumbs/0028_desarme_1_1998_th.jpg,portada-desarme-1-1998,
zine0020,0030_Disarm_4.pdf,Disarm 4,,,,,,,,Colección privada de Santiago Cichero,application/pdf,español;SPA,Dominio público,Argentina,"Consejo Nacional de Investigaciones Científicas y Técnicas (CONICET), Instituto de Investigaciones Bibliográficas y Crítica Textual (IIBICRIT), Laboratorio de Humanidades Digitales (HD LAB)",,,,,,https://archive.org/details/0030_disarm_4,/objects/small/0030_disarm_4_sm.jpg,/objects/thumbs/0030_disarm_4_th.jpg,portada-disarm-4,
zine0021,0031-el-acople-3-1999.pdf,El acople 3,,1999,,,,,,Colección privada de Santiago Cichero,application/pdf,español;SPA,Dominio público,Argentina,"Consejo Nacional de Investigaciones Científicas y Técnicas (CONICET), Instituto de Investigaciones Bibliográficas y Crítica Textual (IIBICRIT), Laboratorio de Humanidades Digitales (HD LAB)",,,,,,https://archive.org/details/0031-el-acople-3-1999,/objects/small/0031-el-acople-3-1999_sm.jpg,/objects/thumbs/0031-el-acople-3-1999_th.jpg,portada-el-acople-3-1999,
zine0022,0036_Estamos_rodeados_1_1998.pdf,Estamos rodeados 1,,1998,,,,,,Colección privada de Santiago Cichero,application/pdf,español;SPA,Dominio público,Argentina,"Consejo Nacional de Investigaciones Científicas y Técnicas (CONICET), Instituto de Investigaciones Bibliográficas y Crítica Textual (IIBICRIT), Laboratorio de Humanidades Digitales (HD LAB)",,,,,,https://archive.org/details/0036_estamos_rodeados_1_1998,/objects/small/0036_estamos_rodeados_1_1998_sm.jpg,/objects/thumbs/0036_estamos_rodeados_1_1998_th.jpg,portada-estamos-rodeados-1-1998,
zine0023,0037-fauno-2-1997.pdf,Fauno 2,,1997,,,,,,Colección privada de Santiago Cichero,application/pdf,español;SPA,Dominio público,Argentina,"Consejo Nacional de Investigaciones Científicas y Técnicas (CONICET), Instituto de Investigaciones Bibliográficas y Crítica Textual (IIBICRIT), Laboratorio de Humanidades Digitales (HD LAB)",,,,,,https://archive.org/details/0037-fauno-2-1997,/objects/small/0037-fauno-2-1997_sm.jpg,/objects/thumbs/0037-fauno-2-1997_th.jpg,portada-fauno-2-1997,
zine0024,0038_Fun_People_1_1993.ocr.pdf,Fun People 1,,1993,,,,,,Colección privada de Santiago Cichero,application/pdf,español;SPA,Dominio público,Argentina,"Consejo Nacional de Investigaciones Científicas y Técnicas (CONICET), Instituto de Investigaciones Bibliográficas y Crítica Textual (IIBICRIT), Laboratorio de Humanidades Digitales (HD LAB)",,,,,,https://archive.org/details/0038_fun_people_1_1993,/objects/small/0038_fun_people_1_1993_sm.jpg,/objects/thumbs/0038_fun_people_1_1993_th.jpg,portada-fun-people-1-1993,
zine0025,0040_Golpe_Justo_3.pdf,Golpe Justo 3,,,,,,,,Colección privada de Santiago Cichero,application/pdf,español;SPA,Dominio público,Argentina,"Consejo Nacional de Investigaciones Científicas y Técnicas (CONICET), Instituto de Investigaciones Bibliográficas y Crítica Textual (IIBICRIT), Laboratorio de Humanidades Digitales (HD LAB)",,,,,,https://archive.org/details/0040_golpe_justo_3,/objects/small/0040_golpe_justo_3_sm.jpg,/objects/thumbs/0040_golpe_justo_3_th.jpg,portada-golpe-justo-3,
zine0026,0041-hazlo-tu-mismo-2-1997 .pdf,Hazlo tu mismo 2,"Alejandro Natural, Federico Sniff!, Mariano Superblind, Pichón",1997,Fanzine con entrevistas a bandas; reseñas de fanzines y música; columnas de opinión ; clasificados; ilustraciones y fotografías. Faltas de ortografía.,"Harcdore; Hc SxE; Punk Rock; Old School; New School; Punk 77; Female Punk Rock; Anarcopunk; Pop Punk; Hc Metal; Hc Melódico; NYHC; Crust; Emo; Reggae; Ska; Raggamuffin; Hc Punk Político; Soul; Funk; Hip Hop; Hippismo; Anarquismo; Fanzine Independiente hecho por un Grupo de Amigos; Antifascismo; Antisexismo; Anti-homofobia; Apoyo incondicional al D.I.Y.; Antisistema; Antimilitarismo; Amnistía; Ideales Libertarios; Actuar; Reaccionar; Experiencias; Actitud; Personalidad; Vegetarianismo: liberación frente a la imposición de la sociedad; Veganismo; Ecología; Food not Bombs; Liberación Animal; Anti-religión; Hare Krishna; Apoyo Genuino a la Escena; Apertura; Sellos Discográficos; Sellos D.I.Y.; Costos; Precios; Lucro; Letras Sociales; Lucha Contra la Miseria y el Sistema Capitalista; Conciencia Social y Sindical; Comunismo: poder para los trabajadores contra la explotación; Surgimiento de Ideas Conservadoras: anti-aborto, anti-homosexualidad y eco-fascismo; Necesidad de Lucha; Liberación Femenina; Independencia; Autodifusión; Autogestión; Elecciones Individuales; Anti-drogas; Liberación Gay; Formas de Amar; Anticoncepción; Aborto Libre; Pro Choice Europeo; Pro Life Americano; Politización; Discriminación entre Sxe y NYHC; Envidia; Recelo; Competencia; Cooperación; Colaboración; Organización; Contra-Cultura; Escena Poco Activa; Pocos lugares, Pocos Conciertos; Recitales a Beneficio; Escena Austríaca; Squat EKH; Squats: Casas o Lugares Abandonados o en Desuso; Abogados: Deudas de Servicios, Verdaderos Dueños; Ocupantes: no reglas sino acuerdos de convivencia; Respetar el Espacio; Evitar Disturbios; Derecho a la Vivienda; Argentina: usurpación de la propiedad privada NO está penada por la ley; Punk Rock/ Hc: Posers; Contradicciones; Búsqueda de Fama y Dinero; Más Non-profit, D.I.Y./HTM, No Rip-off, 100% Honesto; Discográficas; Sellos MultiNAZIonales; Negocio; Decepción; Denuncias; Venganza; Degradación; Conformismo; Sumisión; Maltrato; Defender Valores; Tomar una Posición; Crítica Constructiva; Columna Gastronómica: Pizzería Mingo; CBGB; The Ramones; Ingeniero de Guitarra de Dee Dee y Johnny; Roadie; Experiencia. ","Buenos Aires, Argentina",-34.603889,-58.381389,Colección privada de Santiago Cichero,application/pdf,español;SPA,Dominio público,Argentina,"Consejo Nacional de Investigaciones Científicas y Técnicas (CONICET), Instituto de Investigaciones Bibliográficas y Crítica Textual (IIBICRIT), Laboratorio de Humanidades Digitales (HD LAB)",,,,,,https://archive.org/details/0041-hazlo-tu-mismo-2-1997 ,/objects/small/0041-hazlo-tu-mismo-2-1997 _sm.jpg,/objects/thumbs/0041-hazlo-tu-mismo-2-1997 _th.jpg,"portada-hazlo-tu-mismo-2-1997,",
zine0027,0042-hazlo-tu-mismo-3-1998.pdf,Hazlo tu mismo 3,"Alejandro Natural, Federico Sniff!, Mariano Superblind, Pichón",1998,Fanzine con entrevistas a bandas; reseñas de fanzines y música; columnas de opinión; sección D.I.Y.: inciación al arte serigráfico; clasificados; ilustraciones y fotografías. Faltas de ortografía.,"Harcdore; Hc SxE; Punk Rock; Hc Punk; Hc Melódico; Hc Político; Ska; Ska Punk; Alternative Rock; Dischord; Crust; Emo; Oi!; Punk Melódico; Punk Californiano; Hc Metal; Hc Krsna; Grindcore; Punk Rock 77; Hc Lationamericano; Metal SxE; Fanzine Independiente hecho por un Grupo de Amigos; Antifascismo; Antisexismo; Antirracismo; Apoyo incondicional al D.I.Y.; Dificultades: Falta de Tiempo, Ponerse de Acuerdo, Tomar decisiones; Sellos Independientes; Publicidad para Costear el Zine; Apoyo por Dinero vs Apoyo Desinteresado; Autogestión; Voluntad; Motivación; Difusión de Bandas D.I.Y. / HTM exclusivamente; Anti-Lucro; Compromiso; Identidad Porpia; Romper Esquemas; Fin Último: Libertad; Vivisección; Respeto a la Vida Animal; Vegetarianismo; Ecología; Petróleo y Energía; Corporaciones Multinacionales; Daños Ambientales; Gobiernos Cómplices; Nula Promoción del Reciclaje; Bikes Not Cars; Reducir el Uso de Petróleo; Energía Solar, Eólica y Eléctrica; Skate; Columna Gastronómica: Pizzaería Güerrín; Desertores; Problemas Intrafamiliares; Okupas; Represores; Genocidas; Desaparecidos; Subversión; Proceso de Reorganización Nacional en Argentina; Retrono de la Democracia; Informarse para no Ser Indiferentes ni Ignorantes; No Apoyar Dictadores; Reaccionar; Formar Opiniones Propias; Indagar; Luchar por Nuestros Derechos; No Cometer los Mismos Errores; Teoría de los Dos Demonios; Silencio; Violencia Física y Psicológica; Luchar por la Memoria, la Verdad y la Justicia; Paz; Exilio; Emigrantes Latinoamericanos: Política y Economía; Clima Anti-Inmigrante en EEUU; Bandas Hc Americanas: Clichés, Mosh, X; Copia; Imitación; Idioma inglés como Herramienta no como Arma Cultural; Usar la Propia Voz en Cualquier Idioma; Escena Local: hablar de igual a igual; intercambiar ideas; Críticas Destructivas;Prejuicios; Rumores; Falta de Apoyo; Falta de Respeto; Búsqueda Laboral; Salario Mínimo; Experiencia: Colonia de Vacaciones; Horarios; Alcohol y Drogas; Puesto: Instructor de Niños; Discriminación; Vínculos; Decepciones; Rótulos; Escena Punk en Holanda; Squats; Radios Piratas; Panfletos; Actitud Punk; Vehículo de Lucha, Expresión y Liberación; Independencia Artística; Generar Cambios Positivos; Educar e Informar; Inspirar; Escena en Chuile: pequeña y dividida; SxE; Moderación; Respeto; Aceptación; Amistad; Guía Punkrock D.I.Y.: Serigrafía; Cómo hacer un Schablon.","Buenos Aires, Argentina",-34.603889,-58.381389,Colección privada de Santiago Cichero,application/pdf,español;SPA,Dominio público,Argentina,"Consejo Nacional de Investigaciones Científicas y Técnicas (CONICET), Instituto de Investigaciones Bibliográficas y Crítica Textual (IIBICRIT), Laboratorio de Humanidades Digitales (HD LAB)",,,,,,https://archive.org/details/0042-hazlo-tu-mismo-3-1998,/objects/small/0042-hazlo-tu-mismo-3-1998_sm.jpg,/objects/thumbs/0042-hazlo-tu-mismo-3-1998_th.jpg,portada-hazlo-tu-mismo-3-1998,
zine0028,0043-hazlo-tu-mismo-4-1998.pdf,Hazlo tu mismo 4,"Alejandro Natural, Federico Sniff!, Mariano Superblind, Pichón",1998,Fanzine con entrevistas a bandas; reseñas de fanzines y música; columnas de opinión de editores y lectores; cartas de lectores; clasificados; ilustraciones y fotografías. Faltas de ortografía.,"Harcdore; Hc SxE; Punk Rock; Hc Old School; Crust; Emo; Hc Melódico; Hc Político; Thrash; Doom Metal; Rock n´ Roll; Emo Pop; Punk Pop; Surf Punk; New School Hc; Grindcore; Punk Melódico; Metal; Hc Metal; NYHC; Garage Punk; Alternative Rock; Hc Europeo; Fanzine Independiente hecho por un Grupo de Amigos; Antifascismo; Antisexismo; Antirracismo; Apoyo incondicional al D.I.Y.; Dificultades Fanzine: Falta de Tiempo, ""Colgarse"", Publicidades, Difusión; Nueva Sección: Cartas de Lectores; Colaboración; Sellos Independientes: honestidad; Hc Punk Independiente : barreras geográficas entre el interior y la capital, muy difícil conseguir material, poca difusión; Autogestión; Tocar por Amor, No por Dinero como Principal Propósito; Abordaje de Temas Sociales; Unidad Latina en EEUU; Ley de Inmigración; Indígenas; Orígenes; Minorías; Homocore; Vegetarianismo; Veganismo; Naturaleza; Ecología; Derecho Animal; Animalistas; Crueldad; Superficialidad; Multinacionales; Mainstream; Drug & Alcohol Free; Rebeldía Anticonsumista; Ideología Libertaria; Anarquismo: orden al desorden impuesto; Crítica de Película ""La Fiesta de Todos"": sociedad argentina racista, sexista, homofóbica e hipócrita; Detenidos Desaparecidos; Madres de Plaza de Mayo; Derechos Humanos; Más Comunicación y Tolerancia; Menos Violencia; Más Empatía; Libertad; Aborto; Libertad de Elección; Unidad; Disenso; Respeto; Amistad; Disquerías: lucro; Distribuidoras D.I.Y.; Honestidad; Lenguaje Machista, Sexista, Homofóbico, Xenófobo y Racista; Mujeres y Hombres; Todas y Todos; Masculino y Femenino; Generalizaciones; Insultos; Discriminación; Cobardía; Violencia; Pogo; Vandalismo; Robo; Estado Responsable del Hambre; Punks y Skinheads; Neo Nazis; Peleas; Represión Policial; Gatillo Fácil; Impunidad; Injusticia; Pobreza; Indiferencia; Insolidaridad; Revolución contra el Sistema Capitalista; Libre Albedrío; Evolución; Pensamiento Propio; Juicio Crítico; Escena Hc Punk Noruega; Squat Blitz; Disolución de Bandas Hc Punk Legendarias; Black Metal Noruego; Columna Gastronómica: Pizzería Punto y Banca;","Buenos Aires, Argentina",-34.603889,-58.381389,Colección privada de Santiago Cichero,application/pdf,español;SPA,Dominio público,Argentina,"Consejo Nacional de Investigaciones Científicas y Técnicas (CONICET), Instituto de Investigaciones Bibliográficas y Crítica Textual (IIBICRIT), Laboratorio de Humanidades Digitales (HD LAB)",,,,,,https://archive.org/details/0043-hazlo-tu-mismo-4-1998,/objects/small/0043-hazlo-tu-mismo-4-1998_sm.jpg,/objects/thumbs/0043-hazlo-tu-mismo-4-1998_th.jpg,portada-hazlo-tu-mismo-4-1998,
zine0029,0044-hazlo-tu-mismo-5-1998.pdf,Hazlo tu mismo 5,"Alejandro Natural, Federico Sniff!, Mariano Superblind, Pichón",1998,Fanzine con entrevistas a bandas; reseñas de fanzines y música; columnas de opinión de editores y lectores; clasificados; ilustraciones y fotografías. Faltas de ortografía.,Harcdore; Hc SxE; Punk Rock; Hc Old School; Oi!; Crust; Emo; Ska Punk;; Hc Político; Rock n´ Roll; Emo Pop; Pop Punk; Surf Punk; Skate Rock; Punk Bubble Gum; Power Violence; Hc New School; Punk Melódico; Metal; Hc Metal; Hc Metal Cristiano; NYHC; Hc Europeo; Hc D.I.Y.; Fanzine Independiente hecho por un Grupo de Amigos; Antifascismo; Antisexismo; Antirracismo; Apoyo incondicional al D.I.Y.; Sellos Independientes; Sellos Comerciales; Mujeres en la Escena; Ediciones Independientes; Originalidad; Amistad; Respeto; Disenso; Separación de Bandas; Problemas con la Ley; Indocumentados; Discriminación; Requisa; Multa; Coimas; Sentimientos; Ira; Resistencia; Depresión; Nostalgia; Consumismo; Imperialismo; Poder y Dinero; Sometimiento; Opresión; Sadismo; Desempleo; Escena y Zines en Córdoba; Materialismo; Fines Lucrativos; Posers; Modas; Lucha; Disconformidad; Madurez; Evolución; Libertad de Opinión y de Elección; Nacionalismo Croata; Fundamentalismo Musulmán; Radicalización; Matanzas; Raza Pura; Ignorancia; Globalización; Inmigrantes; Violencia; Nazismo; Egoísmo; Individualismo; Valores Desvirtuados; Injusticia; Desesperanza; Exclusión; Hc / Punk como Medio de expresión; Rebelarse; Convicciones; Decisiones; Responsabilidad; Ser Uno Mismo; Etiquetas; Solidaridad; Libertad; DDHH; Conciencia; Motivación; Esperanza; Pacifismo; Compromiso; Replanteos; Armonía Vegana; Vegetarianismo; Movimiento por la Liberación Animal; SxE; Rótulos; Aborto: imoprtancia de la Educación Sexual; Sida;Trastornos Alimenticios; Drogas; Anarquismo; Homsexualidad; Skinheads; Nazi Skins; BAHC; SxE Hare Krsna; Fanatismo; Autenticidad; Escena Local; Medios de Comunicación; Multinacionales; Lugares Alternativos para Tocar; Colaboración; Diversión; Apoyo.,"Buenos Aires, Argentina",-34.603889,-58.381389,Colección privada de Santiago Cichero,application/pdf,español;SPA,Dominio público,Argentina,"Consejo Nacional de Investigaciones Científicas y Técnicas (CONICET), Instituto de Investigaciones Bibliográficas y Crítica Textual (IIBICRIT), Laboratorio de Humanidades Digitales (HD LAB)",,,,,,https://archive.org/details/0044-hazlo-tu-mismo-5-1998,/objects/small/0044-hazlo-tu-mismo-5-1998_sm.jpg,/objects/thumbs/0044-hazlo-tu-mismo-5-1998_th.jpg,portada-hazlo-tu-mismo-5-1998,
zine0030,0045-hazlo-tu-mismo-6-1998.pdf,Hazlo tu mismo 6,"Alejandro Natural, Federico Sniff!, Mariano Superblind, Pichón",1998,Fanzine con entrevistas a bandas; reseñas de fanzines y música; columnas de opinión; cartas de lectores; sección de opinión: educación / sistema educativo/ intelectuales punks / experiencias; clasificados; fotografías y algunas ilustraciones. Faltas de ortografía.,"Harcdore; Hc SxE; Punk Rock; Punk Old School; Oi!; Punk Melódico Californiano; Emo; Hc Old School; Hc New School; Hc Punk; Hc Melódico; Hc Metal; Rock n´Roll; Power Pop Punk; Rap; Hip Hop; Ska; Reggae; Fanzine Independiente hecho por un Grupo de Amigos; Voluntad; Esfuerzo; Debate; Antifascismo; Antisexismo; Antirracismo; Apoyo incondicional al D.I.Y.; Difusión; Actitud Positiva; Respeto; Libertad de Opinión; Grupo de Pertenencia; Identificación; Introspección; Conciencia Política; Contacultura; Estereotipos; ""Freaks""; Prejuicios; Conformismo; Críticas; Polémicas; Discusiones; Intolerancia; Egoísmo; Apatía; Falta de Comunicación; Ignorancia; Extremismo; Violencia; Amnesia de Valores; Violencia contra la Mujer; Clichés; Escena Degradada: ""Hardcore"" erróneamente usado como sinónimo de Consumismo, Poses y Actitudes de ""Macho""; Reaccionar; Rebelarse; Sellos Pseudo-Independientes; Disquerías; Código de Barra; Fines Lucrativos; Ferias; Etica d.i.y.; Nostalgia: Juegos de PC; Nuevas Tecnologías; Información; Libertad; Derechos; Búsqueda Empleo; Inmigrantes; Explotación; Capitalismo; Autoritarismo; Lucha; Autogestión; D.I.Y.; Autonomía; Solidaridad; Educación; Sistema Educativo: retrógado, autoritario y excluyente; Escuela Moderna; Métodos Alternativos de Enseñanza; Mito: estudiar no es punk; Entrevista a Punks Intelectuales; Conocer al Realidad; Cuestionar; Buscar Respuestas; La Educación es el Arma Más Poderosa para que No te Controlen ni Dominen; Ecología; Protección Animal y Ambiental; Vegetarianismo; Veganismo; Experiencias Aulicas; Abuso Sexual; Bullying; Castigo Corporal; Discriminación entre Pares; Educación Diferenciada por Sexo; Educación Privada de Calidad y Estatal Deficiente; Sistema Educativo Argentino: obsoleto, sectario, limitado, monótono; Dominación y Control; Necesidad de Reveer el Sistema; Importancia del Libre Pensamiento; Columna Gastronómica: Subway y Blimpie; Aborto Seguro y Gratuito; Elecciones Personales; Hardline: Pro-Vida, Abortistas = Anti-Vida, Opinan sobre Mujeres y sus Cuerpos; Espiritualidad; Anti-Religión; ","Buenos Aires, Argentina",-34.603889,-58.381389,Colección privada de Santiago Cichero,application/pdf,español;SPA,Dominio público,Argentina,"Consejo Nacional de Investigaciones Científicas y Técnicas (CONICET), Instituto de Investigaciones Bibliográficas y Crítica Textual (IIBICRIT), Laboratorio de Humanidades Digitales (HD LAB)",,,,,,https://archive.org/details/0045-hazlo-tu-mismo-6-1998,/objects/small/0045-hazlo-tu-mismo-6-1998_sm.jpg,/objects/thumbs/0045-hazlo-tu-mismo-6-1998_th.jpg,portada-hazlo-tu-mismo-6-1998,
zine0031,0046-hazlo-tu-mismo-7-1998.pdf,Hazlo tu mismo 7,"Pichón, Federico Sniff!, Mariano Blind, Alejandro Natural",1998,Fanzine con entrevistas a bandas; reseñas de fanzines y música; columnas de opinión; cartas de lectores; clasificados; fotografías y algunas ilustraciones. Faltas de ortografía.,"Harcdore; Hc SxE; Punk Rock; Hc Old School; Hc Punk; SxE Old School; Hc Melódico; Punk Rock Melódico; Emo; Pop Punk; Skate Punk; Surf Punk; Punk Politizado; Hc Metal; Hc Político; NYHC; SxE Metal New School; Rock Experimental; Power Violence; Grindcore; Crust;Oi!; Ska Punk; Thrash; Indie Pop; Fanzine Independiente hecho por un Grupo de Amigos; Voluntad; Esfuerzo; Debate; Antifascismo; Antisexismo; Antirracismo; Apoyo incondicional al D.I.Y.; Libertad de Opinión; Respeto; Unidad; Igualdad; Solidaridad; Honestidad; Coherencia; Responsabilidad; Autorespeto; Hechos, no Palabras; Intercambiar Ideas; Evolucionar; Amistad; Espiritualidad; Secularismo; Contradicción: Liberales Intolerantes y Violentos; Nazi Skinheads; Hartazgo; Violencia en Recitales; Pogo Violento; Rebelarse; Protestar; Alzar la Voz; Anarquismo; Elegir; Critica Constructiva; Jerga; Aprendizaje; Educación; Docencia; Lucha para Evitar el Recorte Educativo; Presupuesto; Cambio del Sistema Educativo Tradicional; Uso del Lenguaje: Gramática y Puntuación; Cohesión; Imprentas: Prejuicios; Conservadurismo; Sobreprecios según tipo de Publicación; Sellos y Zines HTM/D.I.Y.; Ferias; Guía para Crear una Disquera D.I.Y.; Apoyo; Difusión; Experiencias Personales; Mensaje; ""El Derecho de Soñar"", Galeano; Pueblos: poco material disponible, escena muy pequeña; Centralización de la Capital; Experiencia en Washington DC: Globalización y Diferencias Culturales, Drogas y Alcohol; Inmigrantes Ilegales; Corrupción Policial; Vegetarianismo; Recetas Vegetarianas; ETS / SIDA: Uso de Preservativos e Importancia de Testeo; Drug-Free; Consumismo; Capitalismo; Fines Lucrativos; Ideas Políticas Personales No Adoctrinadoras; Opiniones Personales; Juicio Crítico Propio.",,-34.603889,-58.381389,Colección privada de Santiago Cichero,application/pdf,español;SPA,Dominio público,Argentina,"Consejo Nacional de Investigaciones Científicas y Técnicas (CONICET), Instituto de Investigaciones Bibliográficas y Crítica Textual (IIBICRIT), Laboratorio de Humanidades Digitales (HD LAB)",,,,,,https://archive.org/details/0046-hazlo-tu-mismo-7-1998,/objects/small/0046-hazlo-tu-mismo-7-1998_sm.jpg,/objects/thumbs/0046-hazlo-tu-mismo-7-1998_th.jpg,portada-hazlo-tu-mismo-7-1998,
zine0032,0047-hibrido-electrico-zine-1-1998.pdf,Hibrido electrico zine 1,,1998,,,,,,Colección privada de Santiago Cichero,application/pdf,español;SPA,Dominio público,Argentina,"Consejo Nacional de Investigaciones Científicas y Técnicas (CONICET), Instituto de Investigaciones Bibliográficas y Crítica Textual (IIBICRIT), Laboratorio de Humanidades Digitales (HD LAB)",,,,,,https://archive.org/details/0047-hibrido-electrico-zine-1-1998,/objects/small/0047-hibrido-electrico-zine-1-1998_sm.jpg,/objects/thumbs/0047-hibrido-electrico-zine-1-1998_th.jpg,portada-hibrido-electrico-zine-1-1998,
zine0033,0048-hibrido-electrico-2-1999.pdf,Hibrido electrico 2,,1999,,,,,,Colección privada de Santiago Cichero,application/pdf,español;SPA,Dominio público,Argentina,"Consejo Nacional de Investigaciones Científicas y Técnicas (CONICET), Instituto de Investigaciones Bibliográficas y Crítica Textual (IIBICRIT), Laboratorio de Humanidades Digitales (HD LAB)",,,,,,https://archive.org/details/0048-hibrido-electrico-2-1999,/objects/small/0048-hibrido-electrico-2-1999_sm.jpg,/objects/thumbs/0048-hibrido-electrico-2-1999_th.jpg,portada-hibrido-electrico-2-1999,
zine0034,0051-konciencia-rebelde-3-1998.pdf,Konciencia rebelde 3,,1998,,,,,,Colección privada de Santiago Cichero,application/pdf,español;SPA,Dominio público,Argentina,"Consejo Nacional de Investigaciones Científicas y Técnicas (CONICET), Instituto de Investigaciones Bibliográficas y Crítica Textual (IIBICRIT), Laboratorio de Humanidades Digitales (HD LAB)",,,,,,https://archive.org/details/0051-konciencia-rebelde-3-1998,/objects/small/0051-konciencia-rebelde-3-1998_sm.jpg,/objects/thumbs/0051-konciencia-rebelde-3-1998_th.jpg,portada-konciencia-rebelde-3-1998,
zine0035,0052-la-nueva-ley-18-1998.pdf,La nueva ley 18,Pablo Entrerrios; Diego Martinez,Noviembre; Diciembre 1998,"Fanzine con entrevistas a bandas musicales, reseñas de música, recitales y fanzines; columnas de opinión, ilustraciones y fotografías",Hardcore;Punk Rock ; Anarquismo; Antifascismo; Anticapitalismo; Protesta; Lucha,"Buenos Aires, Argentina",-34.603889,-58.381389,Colección privada de Santiago Cichero,application/pdf,español;SPA,Dominio público,Argentina,"Consejo Nacional de Investigaciones Científicas y Técnicas (CONICET), Instituto de Investigaciones Bibliográficas y Crítica Textual (IIBICRIT), Laboratorio de Humanidades Digitales (HD LAB)",,,,,,https://archive.org/details/0052-la-nueva-ley-18-1998,/objects/small/0052-la-nueva-ley-18-1998_sm.jpg,/objects/thumbs/0052-la-nueva-ley-18-1998_th.jpg,portada-la-nueva-ley-18-1998,
zine0036,0053-la-nueva-ley-19-1999.pdf,La nueva ley 19,,1999,,,,,,Colección privada de Santiago Cichero,application/pdf,español;SPA,Dominio público,Argentina,"Consejo Nacional de Investigaciones Científicas y Técnicas (CONICET), Instituto de Investigaciones Bibliográficas y Crítica Textual (IIBICRIT), Laboratorio de Humanidades Digitales (HD LAB)",,,,,,https://archive.org/details/0053-la-nueva-ley-19-1999,/objects/small/0053-la-nueva-ley-19-1999_sm.jpg,/objects/thumbs/0053-la-nueva-ley-19-1999_th.jpg,portada-la-nueva-ley-19-1999,
zine0037,0054-la-nueva-ley-20-1999.pdf,La nueva ley 20,,1999,,,,,,Colección privada de Santiago Cichero,application/pdf,español;SPA,Dominio público,Argentina,"Consejo Nacional de Investigaciones Científicas y Técnicas (CONICET), Instituto de Investigaciones Bibliográficas y Crítica Textual (IIBICRIT), Laboratorio de Humanidades Digitales (HD LAB)",,,,,,https://archive.org/details/0054-la-nueva-ley-20-1999,/objects/small/0054-la-nueva-ley-20-1999_sm.jpg,/objects/thumbs/0054-la-nueva-ley-20-1999_th.jpg,portada-la-nueva-ley-20-1999,
zine0038,0056_Liberacion_total_6.pdf,Liberacion total 6,,,,,,,,Colección privada de Santiago Cichero,application/pdf,español;SPA,Dominio público,Argentina,"Consejo Nacional de Investigaciones Científicas y Técnicas (CONICET), Instituto de Investigaciones Bibliográficas y Crítica Textual (IIBICRIT), Laboratorio de Humanidades Digitales (HD LAB)",,,,,,https://archive.org/details/0056_liberacion_total_6,/objects/small/0056_liberacion_total_6_sm.jpg,/objects/thumbs/0056_liberacion_total_6_th.jpg,portada-liberacion-total-6,
zine0039,0057-liberando-anos-de-silencio-34-2000.pdf,Liberando anos de silencio 34,,2000,,,,,,Colección privada de Santiago Cichero,application/pdf,español;SPA,Dominio público,Argentina,"Consejo Nacional de Investigaciones Científicas y Técnicas (CONICET), Instituto de Investigaciones Bibliográficas y Crítica Textual (IIBICRIT), Laboratorio de Humanidades Digitales (HD LAB)",,,,,,https://archive.org/details/0057-liberando-anos-de-silencio-34-2000,/objects/small/0057-liberando-anos-de-silencio-34-2000_sm.jpg,/objects/thumbs/0057-liberando-anos-de-silencio-34-2000_th.jpg,portada-liberando-anos-de-silencio-34-2000,
zine0040,0058-live-and-loud-1-2001.pdf,Live and loud 1,Mariano Mac Miramounts,2001,"Fanzine con fotografías, notas y pequeñas ilustraciones manuscritas en ciertas páginas; entrevistas a bandas; reseñas sobre recitales, eventos y material discográfico.",Punk Rock; Oi! music; Hardcore; Apolítico; Rebeldía; Escena Punk y Oi!; Punks; Skinheads; Adicciones; Alcohol; Violencia; Antifascismo; Conceptos Erróneos; Unión; Diversión; Football y Punk Rock; Discográficas,"Buenos Aires, Argentina",-34.603889,-58.381389,Colección privada de Santiago Cichero,application/pdf,español;SPA,Dominio público,Argentina,"Consejo Nacional de Investigaciones Científicas y Técnicas (CONICET), Instituto de Investigaciones Bibliográficas y Crítica Textual (IIBICRIT), Laboratorio de Humanidades Digitales (HD LAB)",,,,,,https://archive.org/details/0058-live-and-loud-1-2001,/objects/small/0058-live-and-loud-1-2001_sm.jpg,/objects/thumbs/0058-live-and-loud-1-2001_th.jpg,portada-live-and-loud-1-2001,
zine0041,0062_Loquero_zine.pdf,Loquero zine,,,,,,,,Colección privada de Santiago Cichero,application/pdf,español;SPA,Dominio público,Argentina,"Consejo Nacional de Investigaciones Científicas y Técnicas (CONICET), Instituto de Investigaciones Bibliográficas y Crítica Textual (IIBICRIT), Laboratorio de Humanidades Digitales (HD LAB)",,,,,,https://archive.org/details/0062_loquero_zine,/objects/small/0062_loquero_zine_sm.jpg,/objects/thumbs/0062_loquero_zine_th.jpg,portada-loquero-zine,
zine0042,0063-low-1-1998.pdf,Low 1,,1998,,,,,,Colección privada de Santiago Cichero,application/pdf,español;SPA,Dominio público,Argentina,"Consejo Nacional de Investigaciones Científicas y Técnicas (CONICET), Instituto de Investigaciones Bibliográficas y Crítica Textual (IIBICRIT), Laboratorio de Humanidades Digitales (HD LAB)",,,,,,https://archive.org/details/0063-low-1-1998,/objects/small/0063-low-1-1998_sm.jpg,/objects/thumbs/0063-low-1-1998_th.jpg,portada-low-1-1998,
zine0043,0065-luchar-para-vivir-2-1996.pdf,Luchar para vivir 2,,1996,,,,,,Colección privada de Santiago Cichero,application/pdf,español;SPA,Dominio público,Argentina,"Consejo Nacional de Investigaciones Científicas y Técnicas (CONICET), Instituto de Investigaciones Bibliográficas y Crítica Textual (IIBICRIT), Laboratorio de Humanidades Digitales (HD LAB)",,,,,,https://archive.org/details/0065-luchar-para-vivir-2-1996,/objects/small/0065-luchar-para-vivir-2-1996_sm.jpg,/objects/thumbs/0065-luchar-para-vivir-2-1996_th.jpg,portada-luchar-para-vivir-2-1996,
zine0044,0066-luchar-para-vivir-3-1997.pdf,Luchar para vivir 3,,1997,,,,,,Colección privada de Santiago Cichero,application/pdf,español;SPA,Dominio público,Argentina,"Consejo Nacional de Investigaciones Científicas y Técnicas (CONICET), Instituto de Investigaciones Bibliográficas y Crítica Textual (IIBICRIT), Laboratorio de Humanidades Digitales (HD LAB)",,,,,,https://archive.org/details/0066-luchar-para-vivir-3-1997,/objects/small/0066-luchar-para-vivir-3-1997_sm.jpg,/objects/thumbs/0066-luchar-para-vivir-3-1997_th.jpg,portada-luchar-para-vivir-3-1997,
zine0045,0068_Massacre_en_el_autozine_1.pdf,Massacre en el autozine 1,,,,,,,,Colección privada de Santiago Cichero,application/pdf,español;SPA,Dominio público,Argentina,"Consejo Nacional de Investigaciones Científicas y Técnicas (CONICET), Instituto de Investigaciones Bibliográficas y Crítica Textual (IIBICRIT), Laboratorio de Humanidades Digitales (HD LAB)",,,,,,https://archive.org/details/0068_massacre_en_el_autozine_1,/objects/small/0068_massacre_en_el_autozine_1_sm.jpg,/objects/thumbs/0068_massacre_en_el_autozine_1_th.jpg,portada-massacre-en-el-autozine-1,
zine0046,0070-mr-rude-1-1996-1997.pdf,Mr rude 1 1997,,1997,,,,,,Colección privada de Santiago Cichero,application/pdf,español;SPA,Dominio público,Argentina,"Consejo Nacional de Investigaciones Científicas y Técnicas (CONICET), Instituto de Investigaciones Bibliográficas y Crítica Textual (IIBICRIT), Laboratorio de Humanidades Digitales (HD LAB)",,,,,,https://archive.org/details/0070-mr-rude-1-1996-1997,/objects/small/0070-mr-rude-1-1996-1997_sm.jpg,/objects/thumbs/0070-mr-rude-1-1996-1997_th.jpg,portada-mr-rude-1-1996-1997,
zine0047,0071_Musqoj_1.pdf,Musqoj 1,,,,,,,,Colección privada de Santiago Cichero,application/pdf,español;SPA,Dominio público,Argentina,"Consejo Nacional de Investigaciones Científicas y Técnicas (CONICET), Instituto de Investigaciones Bibliográficas y Crítica Textual (IIBICRIT), Laboratorio de Humanidades Digitales (HD LAB)",,,,,,https://archive.org/details/0071_musqoj_1,/objects/small/0071_musqoj_1_sm.jpg,/objects/thumbs/0071_musqoj_1_th.jpg,portada-musqoj-1,
zine0048,0072_Natural_Mystic_3.pdf,Natural Mystic 3,,,,,,,,Colección privada de Santiago Cichero,application/pdf,español;SPA,Dominio público,Argentina,"Consejo Nacional de Investigaciones Científicas y Técnicas (CONICET), Instituto de Investigaciones Bibliográficas y Crítica Textual (IIBICRIT), Laboratorio de Humanidades Digitales (HD LAB)",,,,,,https://archive.org/details/0072_natural_mystic_3,/objects/small/0072_natural_mystic_3_sm.jpg,/objects/thumbs/0072_natural_mystic_3_th.jpg,portada-natural-mystic-3,
zine0049,0079_No_more_hate_2.pdf,No more hate 2,,,,,,,,Colección privada de Santiago Cichero,application/pdf,español;SPA,Dominio público,Argentina,"Consejo Nacional de Investigaciones Científicas y Técnicas (CONICET), Instituto de Investigaciones Bibliográficas y Crítica Textual (IIBICRIT), Laboratorio de Humanidades Digitales (HD LAB)",,,,,,https://archive.org/details/0079_no_more_hate_2,/objects/small/0079_no_more_hate_2_sm.jpg,/objects/thumbs/0079_no_more_hate_2_th.jpg,portada-no-more-hate-2,
zine0050,0080_No_more_hate_3.pdf,No more hate 3,,,,,,,,Colección privada de Santiago Cichero,application/pdf,español;SPA,Dominio público,Argentina,"Consejo Nacional de Investigaciones Científicas y Técnicas (CONICET), Instituto de Investigaciones Bibliográficas y Crítica Textual (IIBICRIT), Laboratorio de Humanidades Digitales (HD LAB)",,,,,,https://archive.org/details/0080_no_more_hate_3,/objects/small/0080_no_more_hate_3_sm.jpg,/objects/thumbs/0080_no_more_hate_3_th.jpg,portada-no-more-hate-3,
zine0051,0081-no-somos-nada-5-1997.pdf,No somos nada 5,Emilio Fasciolo,1997,"Fanzine con secciones de historias cotidianas; reseñas de fanzines y recitales; reflexiones y columnas de opinión; entrevistas; cartas de lectores; ilustraciones y fotografías; combinación de textos manuscritos y tipeados. Faltas de ortografía, algunas de ellas intencionales (uso de la k en lugra de la q)",Anarquismo; Degradación humana; Machismo; Fascismo; Violencia; Vandalismo; Rap; Reggae; Punk Rock; Punk Rock Melódico; Straight Edge; Hardcore; Hip Hop; Ecología; Libertarios; Protesta; Deforestación; Flora y Fauna en peligro; Libertad de elección; Marihuana; Políticos y Poder; Skate; Respeto y Libertad,"La Plata, Prov Bs As, Argentina","34° 52,00210’","57° 53,99408’",Colección privada de Santiago Cichero,application/pdf,español;SPA,Dominio público,Argentina,"Consejo Nacional de Investigaciones Científicas y Técnicas (CONICET), Instituto de Investigaciones Bibliográficas y Crítica Textual (IIBICRIT), Laboratorio de Humanidades Digitales (HD LAB)",,,,,,https://archive.org/details/0081-no-somos-nada-5-1997,/objects/small/0081-no-somos-nada-5-1997_sm.jpg,/objects/thumbs/0081-no-somos-nada-5-1997_th.jpg,portada-no-somos-nada-5-1997,
zine0052,0083_Opinion_directa_1_1999.pdf,Opinion directa 1,,1999,,,,,,Colección privada de Santiago Cichero,application/pdf,español;SPA,Dominio público,Argentina,"Consejo Nacional de Investigaciones Científicas y Técnicas (CONICET), Instituto de Investigaciones Bibliográficas y Crítica Textual (IIBICRIT), Laboratorio de Humanidades Digitales (HD LAB)",,,,,,https://archive.org/details/0083_opinion_directa_1_1999,/objects/small/0083_opinion_directa_1_1999_sm.jpg,/objects/thumbs/0083_opinion_directa_1_1999_th.jpg,portada-opinion-directa-1-1999,
zine0053,0084_Otra_oportunidad_4_1996.ocr.pdf,Otra oportunidad 4,Pablo Barbera (Tatan),1996,,,"La Plata, Argentina",-34.933333333333,-57.95,Colección privada de Santiago Cichero,application/pdf,español;SPA,Dominio público,Argentina,"Consejo Nacional de Investigaciones Científicas y Técnicas (CONICET), Instituto de Investigaciones Bibliográficas y Crítica Textual (IIBICRIT), Laboratorio de Humanidades Digitales (HD LAB)",,,,,,https://archive.org/details/0084_otra_oportunidad_4_1996,/objects/small/0084_otra_oportunidad_4_1996_sm.jpg,/objects/thumbs/0084_otra_oportunidad_4_1996_th.jpg,portada-otra-oportunidad-4-1996,
zine0054,0085_Otra_oportunidad_13_1999.pdf,Otra oportunidad 13,Pablo Barbera (Tatan),1999,"Fanzine con reseñas sobre recitales, material discográfico y fanzines; entrevistas a bandas; columnas de opinión y cartas de lectores; abordaje de temas sociales; ilustraciones y fotografías. Faltas de ortografía.",Hardcore; Punk rock; Ska; Emo; Straight Edge; Reggae; DIY; Buenos Aires Hardcore; Oi! Antiracismo; Antifascismo; Libertad; Igualdad; Respeto; Autenticidad; Anti-rótulos; Humildad; Amistad; Sinceridad; Empatía; Homeless; Okupas; Solidarida; Apoyo; Cooperación; Comunicación; Compromiso Social; Justicia; Derecho a la Vida; Vegetarianismo.,"La Plata, Prov Bs As, Argentina","34° 52,00210’","57° 53,99408’",Colección privada de Santiago Cichero,application/pdf,español;SPA,Dominio público,Argentina,"Consejo Nacional de Investigaciones Científicas y Técnicas (CONICET), Instituto de Investigaciones Bibliográficas y Crítica Textual (IIBICRIT), Laboratorio de Humanidades Digitales (HD LAB)",,,,,,https://archive.org/details/0085_otra_oportunidad_13_1999,/objects/small/0085_otra_oportunidad_13_1999_sm.jpg,/objects/thumbs/0085_otra_oportunidad_13_1999_th.jpg,portada-otra-oportunidad-13-1999,
zine0055,0087_Perro_zine_hueso_1_1997.pdf,Perro zine hueso 1,,1997,,,,,,Colección privada de Santiago Cichero,application/pdf,español;SPA,Dominio público,Argentina,"Consejo Nacional de Investigaciones Científicas y Técnicas (CONICET), Instituto de Investigaciones Bibliográficas y Crítica Textual (IIBICRIT), Laboratorio de Humanidades Digitales (HD LAB)",,,,,,https://archive.org/details/0087_perro_zine_hueso_1_1997,/objects/small/0087_perro_zine_hueso_1_1997_sm.jpg,/objects/thumbs/0087_perro_zine_hueso_1_1997_th.jpg,portada-perro-zine-hueso-1-1997,
zine0056,0088-pinhead-zine-8-1997.pdf,Pinhead zine 8,,1997,,,,,,Colección privada de Santiago Cichero,application/pdf,español;SPA,Dominio público,Argentina,"Consejo Nacional de Investigaciones Científicas y Técnicas (CONICET), Instituto de Investigaciones Bibliográficas y Crítica Textual (IIBICRIT), Laboratorio de Humanidades Digitales (HD LAB)",,,,,,https://archive.org/details/0088-pinhead-zine-8-1997,/objects/small/0088-pinhead-zine-8-1997_sm.jpg,/objects/thumbs/0088-pinhead-zine-8-1997_th.jpg,portada-pinhead-zine-8-1997,
zine0057,0089_Pobre_feo_feliz.pdf,Pobre feo feliz,,1998,,,,,,Colección privada de Santiago Cichero,application/pdf,español;SPA,Dominio público,Argentina,"Consejo Nacional de Investigaciones Científicas y Técnicas (CONICET), Instituto de Investigaciones Bibliográficas y Crítica Textual (IIBICRIT), Laboratorio de Humanidades Digitales (HD LAB)",,,,,,https://archive.org/details/0089_pobre_feo_feliz,/objects/small/0089_pobre_feo_feliz_sm.jpg,/objects/thumbs/0089_pobre_feo_feliz_th.jpg,portada-pobre-feo-feliz,
zine0058,0092-propuesta-moderna-2-1998.pdf,Propuesta moderna 2,,1998,,,,,,Colección privada de Santiago Cichero,application/pdf,español;SPA,Dominio público,Argentina,"Consejo Nacional de Investigaciones Científicas y Técnicas (CONICET), Instituto de Investigaciones Bibliográficas y Crítica Textual (IIBICRIT), Laboratorio de Humanidades Digitales (HD LAB)",,,,,,https://archive.org/details/0092-propuesta-moderna-2-1998,/objects/small/0092-propuesta-moderna-2-1998_sm.jpg,/objects/thumbs/0092-propuesta-moderna-2-1998_th.jpg,portada-propuesta-moderna-2-1998,
zine0059,0093-pure-de-gato-2-1991.pdf,Pure de gato 2,,1991,,,,,,Colección privada de Santiago Cichero,application/pdf,español;SPA,Dominio público,Argentina,"Consejo Nacional de Investigaciones Científicas y Técnicas (CONICET), Instituto de Investigaciones Bibliográficas y Crítica Textual (IIBICRIT), Laboratorio de Humanidades Digitales (HD LAB)",,,,,,https://archive.org/details/0093-pure-de-gato-2-1991,/objects/small/0093-pure-de-gato-2-1991_sm.jpg,/objects/thumbs/0093-pure-de-gato-2-1991_th.jpg,portada-pure-de-gato-2-1991,
zine0060,0094-pure-de-gato-3-1991.pdf,Pure de gato 3,,1991,,,,,,Colección privada de Santiago Cichero,application/pdf,español;SPA,Dominio público,Argentina,"Consejo Nacional de Investigaciones Científicas y Técnicas (CONICET), Instituto de Investigaciones Bibliográficas y Crítica Textual (IIBICRIT), Laboratorio de Humanidades Digitales (HD LAB)",,,,,,https://archive.org/details/0094-pure-de-gato-3-1991,/objects/small/0094-pure-de-gato-3-1991_sm.jpg,/objects/thumbs/0094-pure-de-gato-3-1991_th.jpg,portada-pure-de-gato-3-1991,
zine0061,0095-reaccion-pacifica-8-2000.pdf,Reaccion pacifica 8,,2000,,,,,,Colección privada de Santiago Cichero,application/pdf,español;SPA,Dominio público,Argentina,"Consejo Nacional de Investigaciones Científicas y Técnicas (CONICET), Instituto de Investigaciones Bibliográficas y Crítica Textual (IIBICRIT), Laboratorio de Humanidades Digitales (HD LAB)",,,,,,https://archive.org/details/0095-reaccion-pacifica-8-2000,/objects/small/0095-reaccion-pacifica-8-2000_sm.jpg,/objects/thumbs/0095-reaccion-pacifica-8-2000_th.jpg,portada-reaccion-pacifica-8-2000,
zine0062,0096-reaccion-pacifica-7-2000.pdf,Reaccion pacifica 7,,2000,,,,,,Colección privada de Santiago Cichero,application/pdf,español;SPA,Dominio público,Argentina,"Consejo Nacional de Investigaciones Científicas y Técnicas (CONICET), Instituto de Investigaciones Bibliográficas y Crítica Textual (IIBICRIT), Laboratorio de Humanidades Digitales (HD LAB)",,,,,,https://archive.org/details/0096-reaccion-pacifica-7-2000,/objects/small/0096-reaccion-pacifica-7-2000_sm.jpg,/objects/thumbs/0096-reaccion-pacifica-7-2000_th.jpg,portada-reaccion-pacifica-7-2000,
zine0063,0099_Rompiendo_el_Silencio_5_1998.pdf,Rompiendo el Silencio 5,,1998,,,,,,Colección privada de Santiago Cichero,application/pdf,español;SPA,Dominio público,Argentina,"Consejo Nacional de Investigaciones Científicas y Técnicas (CONICET), Instituto de Investigaciones Bibliográficas y Crítica Textual (IIBICRIT), Laboratorio de Humanidades Digitales (HD LAB)",,,,,,https://archive.org/details/0099_rompiendo_el_silencio_5_1998,/objects/small/0099_rompiendo_el_silencio_5_1998_sm.jpg,/objects/thumbs/0099_rompiendo_el_silencio_5_1998_th.jpg,portada-rompiendo-el-silencio-5-1998,
zine0064,0100-seremos-destruidos-6-1997.pdf,Seremos destruidos 6,,1997,,,,,,Colección privada de Santiago Cichero,application/pdf,español;SPA,Dominio público,Argentina,"Consejo Nacional de Investigaciones Científicas y Técnicas (CONICET), Instituto de Investigaciones Bibliográficas y Crítica Textual (IIBICRIT), Laboratorio de Humanidades Digitales (HD LAB)",,,,,,https://archive.org/details/0100-seremos-destruidos-6-1997,/objects/small/0100-seremos-destruidos-6-1997_sm.jpg,/objects/thumbs/0100-seremos-destruidos-6-1997_th.jpg,portada-seremos-destruidos-6-1997,
zine0065,0101-shouting-zine-1-1994.pdf,Shouting zine 1,,1994,,,,,,Colección privada de Santiago Cichero,application/pdf,español;SPA,Dominio público,Argentina,"Consejo Nacional de Investigaciones Científicas y Técnicas (CONICET), Instituto de Investigaciones Bibliográficas y Crítica Textual (IIBICRIT), Laboratorio de Humanidades Digitales (HD LAB)",,,,,,https://archive.org/details/0101-shouting-zine-1-1994,/objects/small/0101-shouting-zine-1-1994_sm.jpg,/objects/thumbs/0101-shouting-zine-1-1994_th.jpg,portada-shouting-zine-1-1994,
zine0066,0104-sociedad-71-1-1997.pdf,Sociedad 71 1,,1997,,,,,,Colección privada de Santiago Cichero,application/pdf,español;SPA,Dominio público,Argentina,"Consejo Nacional de Investigaciones Científicas y Técnicas (CONICET), Instituto de Investigaciones Bibliográficas y Crítica Textual (IIBICRIT), Laboratorio de Humanidades Digitales (HD LAB)",,,,,,https://archive.org/details/0104-sociedad-71-1-1997,/objects/small/0104-sociedad-71-1-1997_sm.jpg,/objects/thumbs/0104-sociedad-71-1-1997_th.jpg,portada-sociedad-71-1-1997,
zine0067,0105_Spaiders_fanzine_4_1999.pdf,Spaiders fanzine 4,,1999,,,,,,Colección privada de Santiago Cichero,application/pdf,español;SPA,Dominio público,Argentina,"Consejo Nacional de Investigaciones Científicas y Técnicas (CONICET), Instituto de Investigaciones Bibliográficas y Crítica Textual (IIBICRIT), Laboratorio de Humanidades Digitales (HD LAB)",,,,,,https://archive.org/details/0105_spaiders_fanzine_4_1999,/objects/small/0105_spaiders_fanzine_4_1999_sm.jpg,/objects/thumbs/0105_spaiders_fanzine_4_1999_th.jpg,portada-spaiders-fanzine-4-1999,
zine0068,0107_Spaiders_fanzine_6.pdf,Spaiders fanzine 6,,2000,,,,,,Colección privada de Santiago Cichero,application/pdf,español;SPA,Dominio público,Argentina,"Consejo Nacional de Investigaciones Científicas y Técnicas (CONICET), Instituto de Investigaciones Bibliográficas y Crítica Textual (IIBICRIT), Laboratorio de Humanidades Digitales (HD LAB)",,,,,,https://archive.org/details/0107_spaiders_fanzine_6,/objects/small/0107_spaiders_fanzine_6_sm.jpg,/objects/thumbs/0107_spaiders_fanzine_6_th.jpg,portada-spaiders-fanzine-6,
zine0069,0110_Tiempo_de_Cambio_7_1996.pdf,Tiempo de Cambio 7,,1996,,,,,,Colección privada de Santiago Cichero,application/pdf,español;SPA,Dominio público,Argentina,"Consejo Nacional de Investigaciones Científicas y Técnicas (CONICET), Instituto de Investigaciones Bibliográficas y Crítica Textual (IIBICRIT), Laboratorio de Humanidades Digitales (HD LAB)",,,,,,https://archive.org/details/0110_tiempo_de_cambio_7_1996,/objects/small/0110_tiempo_de_cambio_7_1996_sm.jpg,/objects/thumbs/0110_tiempo_de_cambio_7_1996_th.jpg,portada-tiempo-de-cambio-7-1996,
zine0070,0111_Tiempo_de_cambio_8_1996.pdf,Tiempo de cambio 8,Julián Vadala,1996,,,"Buenos Aires, Argentina",-34.603889,-58.381389,Colección privada de Santiago Cichero,application/pdf,español;SPA,Dominio público,Argentina,"Consejo Nacional de Investigaciones Científicas y Técnicas (CONICET), Instituto de Investigaciones Bibliográficas y Crítica Textual (IIBICRIT), Laboratorio de Humanidades Digitales (HD LAB)",,,,,,https://archive.org/details/0111_tiempo_de_cambio_8_1996,/objects/small/0111_tiempo_de_cambio_8_1996_sm.jpg,/objects/thumbs/0111_tiempo_de_cambio_8_1996_th.jpg,portada-tiempo-de-cambio-8-1996,
zine0071,0112_Tiempo_de_Cambio_9_1996.ocr.pdf,Tiempo de Cambio 9,,1996,,,,,,Colección privada de Santiago Cichero,application/pdf,español;SPA,Dominio público,Argentina,"Consejo Nacional de Investigaciones Científicas y Técnicas (CONICET), Instituto de Investigaciones Bibliográficas y Crítica Textual (IIBICRIT), Laboratorio de Humanidades Digitales (HD LAB)",,,,,,https://archive.org/details/0112_tiempo_de_cambio_9_1996,/objects/small/0112_tiempo_de_cambio_9_1996_sm.jpg,/objects/thumbs/0112_tiempo_de_cambio_9_1996_th.jpg,portada-tiempo-de-cambio-9-1996,
zine0072,0115_Tiempo_de_cambio_15_1999.pdf,Tiempo de cambio 15,Julián Vadala,1999,,,"Buenos Aires, Argentina",-34.603889,-58.381389,Colección privada de Santiago Cichero,application/pdf,español;SPA,Dominio público,Argentina,"Consejo Nacional de Investigaciones Científicas y Técnicas (CONICET), Instituto de Investigaciones Bibliográficas y Crítica Textual (IIBICRIT), Laboratorio de Humanidades Digitales (HD LAB)",,,,,,https://archive.org/details/0115_tiempo_de_cambio_15_1999,/objects/small/0115_tiempo_de_cambio_15_1999_sm.jpg,/objects/thumbs/0115_tiempo_de_cambio_15_1999_th.jpg,portada-tiempo-de-cambio-15-1999,
zine0073,0123_Blov_SOS_Somos_primerizos_2.pdf,Blov SOS Somos primerizos 2,,1997,,,,,,Colección privada de Santiago Cichero,application/pdf,español;SPA,Dominio público,Argentina,"Consejo Nacional de Investigaciones Científicas y Técnicas (CONICET), Instituto de Investigaciones Bibliográficas y Crítica Textual (IIBICRIT), Laboratorio de Humanidades Digitales (HD LAB)",,,,,,https://archive.org/details/0123_blov_sos_somos_primerizos_2,/objects/small/0122-x-el-cambio-3-1999_sm.jpg,/objects/thumbs/0122-x-el-cambio-3-1999_th.jpg,portada-x-el-cambio-3-1999,
zine0074,0122-x-el-cambio-3-1999.pdf,X el cambio 3,Mariano;Xhoraciox; Julián; Santi; Fran; Pervert; Martín; Rodri;  Guille,Octubre 1999,"Fanzine con entrevistas; venta por correo; narraciones, reflexiones y columnas de opinión; ilustraciones y fotografías. Faltas de ortografía.","Hardcore;Punk;Straight edge; Ficción,Terror, El Más Allá, Religiones; Desilusión; Política, Corrupción e Incredulidad, Adicciones y Distanciamientos; Star Wars: Códigos Jedis sobre la muerte o el acto de matar, la riqueza y el poder.","Buenos Aires, Argentina",-34.603889,-58.381389,Colección privada de Santiago Cichero,application/pdf,español;SPA,Dominio público,Argentina,"Consejo Nacional de Investigaciones Científicas y Técnicas (CONICET), Instituto de Investigaciones Bibliográficas y Crítica Textual (IIBICRIT), Laboratorio de Humanidades Digitales (HD LAB)",,,,,,https://archive.org/details/0122-x-el-cambio-3-1999,/objects/small/0123_blov_sos_somos_primerizos_2_sm.jpg,/objects/thumbs/0123_blov_sos_somos_primerizos_2_th.jpg,portada-blov-sos-somos-primerizos-2,
zine0075,0124_Tilt_sept_2000.pdf,Tilt sept,,2000,,,,,,Colección privada de Santiago Cichero,application/pdf,español;SPA,Dominio público,Argentina,"Consejo Nacional de Investigaciones Científicas y Técnicas (CONICET), Instituto de Investigaciones Bibliográficas y Crítica Textual (IIBICRIT), Laboratorio de Humanidades Digitales (HD LAB)",,,,,,https://archive.org/details/0124_tilt_sept_2000,/objects/small/0124_tilt_sept_2000_sm.jpg,/objects/thumbs/0124_tilt_sept_2000_th.jpg,portada-tilt-sept-2000,
zine0076,0125_Involucion_zine_3.pdf,Involucion zine 3,,1998,,,,,,Colección privada de Santiago Cichero,application/pdf,español;SPA,Dominio público,Argentina,"Consejo Nacional de Investigaciones Científicas y Técnicas (CONICET), Instituto de Investigaciones Bibliográficas y Crítica Textual (IIBICRIT), Laboratorio de Humanidades Digitales (HD LAB)",,,,,,https://archive.org/details/0125_involucion_zine_3,/objects/small/0125_involucion_zine_3_sm.jpg,/objects/thumbs/0125_involucion_zine_3_th.jpg,portada-involucion-zine-3,
zine0077,0126-reaccion-pacifica-7-2000.pdf,Reaccion pacifica 7,,2000,,,,,,Colección privada de Santiago Cichero,application/pdf,español;SPA,Dominio público,Argentina,"Consejo Nacional de Investigaciones Científicas y Técnicas (CONICET), Instituto de Investigaciones Bibliográficas y Crítica Textual (IIBICRIT), Laboratorio de Humanidades Digitales (HD LAB)",,,,,,https://archive.org/details/0126-reaccion-pacifica-7-2000,/objects/small/0126-reaccion-pacifica-7-2000_sm.jpg,/objects/thumbs/0126-reaccion-pacifica-7-2000_th.jpg,portada-reaccion-pacifica-7-2000,
